region;dt;metric;value
Kaliningrad;2019-01-01;views;26011.0
Kaliningrad;2019-01-02;views;23158.0
Kaliningrad;2019-01-03;views;23413.0
Kaliningrad;2019-01-04;views;22534.0
Kaliningrad;2019-01-05;views;21431.0
Kaliningrad;2019-01-06;views;23524.0
Kaliningrad;2019-01-07;views;25079.0
Kaliningrad;2019-01-08;views;25417.0
Kaliningrad;2019-01-09;views;25330.0
Kaliningrad;2019-01-10;views;24495.0
Kaliningrad;2019-01-11;views;23941.0
Kaliningrad;2019-01-12;views;22861.0
Kaliningrad;2019-01-13;views;25152.0
Kaliningrad;2019-01-14;views;25509.0
Kaliningrad;2019-01-15;views;25121.0
Kaliningrad;2019-01-16;views;24725.0
Kaliningrad;2019-01-17;views;23208.0
Kaliningrad;2019-01-18;views;
Kaliningrad;2019-01-19;views;23731.0
Kaliningrad;2019-01-20;views;25641.0
Kaliningrad;2019-01-21;views;25050.0
Kaliningrad;2019-01-22;views;26280.0
Kaliningrad;2019-01-23;views;25873.0
Kaliningrad;2019-01-24;views;24160.0
Kaliningrad;2019-01-25;views;23226.0
Kaliningrad;2019-01-26;views;24251.0
Kaliningrad;2019-01-27;views;26334.0
Kaliningrad;2019-01-28;views;27237.0
Kaliningrad;2019-01-29;views;27676.0
Kaliningrad;2019-01-30;views;26959.0
Kaliningrad;2019-01-31;views;25863.0
Kaliningrad;2019-02-01;views;25429.0
Kaliningrad;2019-02-02;views;25947.0
Kaliningrad;2019-02-03;views;27757.0
Kaliningrad;2019-02-04;views;26590.0
Kaliningrad;2019-02-05;views;26841.0
Kaliningrad;2019-02-06;views;27071.0
Kaliningrad;2019-02-07;views;25697.0
Kaliningrad;2019-02-08;views;24290.0
Kaliningrad;2019-02-09;views;24840.0
Kaliningrad;2019-02-10;views;26614.0
Kaliningrad;2019-02-11;views;26349.0
Kaliningrad;2019-02-12;views;26380.0
Kaliningrad;2019-02-13;views;25466.0
Kaliningrad;2019-02-14;views;24806.0
Kaliningrad;2019-02-15;views;23838.0
Kaliningrad;2019-02-16;views;24556.0
Kaliningrad;2019-02-17;views;25803.0
Kaliningrad;2019-02-18;views;27341.0
Kaliningrad;2019-02-19;views;26922.0
Kaliningrad;2019-02-20;views;26197.0
Kaliningrad;2019-02-21;views;24961.0
Kaliningrad;2019-02-22;views;22844.0
Kaliningrad;2019-02-23;views;26898.0
Kaliningrad;2019-02-24;views;27774.0
Kaliningrad;2019-02-25;views;28055.0
Kaliningrad;2019-02-26;views;28237.0
Kaliningrad;2019-02-27;views;27799.0
Kaliningrad;2019-02-28;views;26267.0
Kaliningrad;2019-03-01;views;25489.0
Kaliningrad;2019-03-02;views;26329.0
Kaliningrad;2019-03-03;views;28125.0
Kaliningrad;2019-03-04;views;27748.0
Kaliningrad;2019-03-05;views;26569.0
Kaliningrad;2019-03-06;views;24317.0
Kaliningrad;2019-03-07;views;20856.0
Kaliningrad;2019-03-08;views;23441.0
Kaliningrad;2019-03-09;views;25854.0
Kaliningrad;2019-03-10;views;28365.0
Kaliningrad;2019-03-11;views;28692.0
Kaliningrad;2019-03-12;views;29148.0
Kaliningrad;2019-03-13;views;30073.0
Kaliningrad;2019-03-14;views;29029.0
Kaliningrad;2019-03-15;views;27231.0
Kaliningrad;2019-03-16;views;26144.0
Kaliningrad;2019-03-17;views;26737.0
Kaliningrad;2019-03-18;views;29174.0
Kaliningrad;2019-03-19;views;29229.0
Kaliningrad;2019-03-20;views;29401.0
Kaliningrad;2019-03-21;views;29614.0
Kaliningrad;2019-03-22;views;28037.0
Kaliningrad;2019-03-23;views;27982.0
Kaliningrad;2019-03-24;views;30763.0
Kaliningrad;2019-03-25;views;29784.0
Kaliningrad;2019-03-26;views;29875.0
Kaliningrad;2019-03-27;views;30122.0
Kaliningrad;2019-03-28;views;30943.0
Kaliningrad;2019-03-29;views;29550.0
Kaliningrad;2019-03-30;views;28487.0
Kaliningrad;2019-03-31;views;30320.0
Kaliningrad;2019-04-01;views;31819.0
Kaliningrad;2019-04-02;views;31969.0
Kaliningrad;2019-04-03;views;30645.0
Kaliningrad;2019-04-04;views;28317.0
Kaliningrad;2019-04-05;views;27346.0
Kaliningrad;2019-04-06;views;
Kaliningrad;2019-04-07;views;27625.0
Kaliningrad;2019-04-08;views;31039.0
Kaliningrad;2019-04-09;views;31274.0
Kaliningrad;2019-04-10;views;30429.0
Kaliningrad;2019-04-11;views;31123.0
Kaliningrad;2019-04-12;views;29426.0
Kaliningrad;2019-04-13;views;
Kaliningrad;2019-04-14;views;29900.0
Kaliningrad;2019-04-15;views;31261.0
Kaliningrad;2019-04-16;views;31701.0
Kaliningrad;2019-04-17;views;32973.0
Kaliningrad;2019-04-18;views;32715.0
Kaliningrad;2019-04-19;views;31432.0
Kaliningrad;2019-04-20;views;29614.0
Kaliningrad;2019-04-21;views;33739.0
Kaliningrad;2019-04-22;views;34151.0
Kaliningrad;2019-04-23;views;34451.0
Kaliningrad;2019-04-24;views;34352.0
Kaliningrad;2019-04-25;views;33062.0
Kaliningrad;2019-04-26;views;32020.0
Kaliningrad;2019-04-27;views;30638.0
Kaliningrad;2019-04-28;views;31178.0
Kaliningrad;2019-04-29;views;33380.0
Kaliningrad;2019-04-30;views;33256.0
Kaliningrad;2019-05-01;views;36319.0
Kaliningrad;2019-05-02;views;37855.0
Kaliningrad;2019-05-03;views;37087.0
Kaliningrad;2019-05-04;views;35474.0
Kaliningrad;2019-05-05;views;37634.0
Kaliningrad;2019-05-06;views;37942.0
Kaliningrad;2019-05-07;views;37312.0
Kaliningrad;2019-05-08;views;34003.0
Kaliningrad;2019-05-09;views;36253.0
Kaliningrad;2019-05-10;views;36281.0
Kaliningrad;2019-05-11;views;35771.0
Kaliningrad;2019-05-12;views;38853.0
Kaliningrad;2019-05-13;views;39751.0
Kaliningrad;2019-05-14;views;39574.0
Kaliningrad;2019-05-15;views;40467.0
Kaliningrad;2019-05-16;views;38881.0
Kaliningrad;2019-05-17;views;37949.0
Kaliningrad;2019-05-18;views;36354.0
Kaliningrad;2019-05-19;views;39840.0
Kaliningrad;2019-05-20;views;41883.0
Kaliningrad;2019-05-21;views;41735.0
Kaliningrad;2019-05-22;views;42110.0
Kaliningrad;2019-05-23;views;40418.0
Kaliningrad;2019-05-24;views;39194.0
Kaliningrad;2019-05-25;views;37809.0
Kaliningrad;2019-05-26;views;41795.0
Kaliningrad;2019-05-27;views;43075.0
Kaliningrad;2019-05-28;views;43546.0
Kaliningrad;2019-05-29;views;45327.0
Kaliningrad;2019-05-30;views;44469.0
Kaliningrad;2019-05-31;views;42559.0
Kaliningrad;2019-06-01;views;39715.0
Kaliningrad;2019-06-02;views;42927.0
Kaliningrad;2019-06-03;views;48087.0
Kaliningrad;2019-06-04;views;48459.0
Kaliningrad;2019-06-05;views;48273.0
Kaliningrad;2019-06-06;views;47034.0
Kaliningrad;2019-06-07;views;45557.0
Kaliningrad;2019-06-08;views;44220.0
Kaliningrad;2019-06-09;views;45763.0
Kaliningrad;2019-06-10;views;47596.0
Kaliningrad;2019-06-11;views;49563.0
Kaliningrad;2019-06-12;views;50934.0
Kaliningrad;2019-06-13;views;48775.0
Kaliningrad;2019-06-14;views;46592.0
Kaliningrad;2019-06-15;views;45518.0
Kaliningrad;2019-06-16;views;48059.0
Kaliningrad;2019-06-17;views;50481.0
Kaliningrad;2019-06-18;views;51218.0
Kaliningrad;2019-06-19;views;52426.0
Kaliningrad;2019-06-20;views;51237.0
Kaliningrad;2019-06-21;views;50291.0
Kaliningrad;2019-06-22;views;48451.0
Kaliningrad;2019-06-23;views;51249.0
Kaliningrad;2019-06-24;views;53399.0
Kaliningrad;2019-06-25;views;53598.0
Kaliningrad;2019-06-26;views;53880.0
Kaliningrad;2019-06-27;views;53037.0
Kaliningrad;2019-06-28;views;52708.0
Kaliningrad;2019-06-29;views;49150.0
Kaliningrad;2019-06-30;views;51338.0
Kaliningrad;2019-07-01;views;53962.0
Kaliningrad;2019-07-02;views;55289.0
Kaliningrad;2019-07-03;views;56689.0
Kaliningrad;2019-07-04;views;55041.0
Kaliningrad;2019-07-05;views;52677.0
Kaliningrad;2019-07-06;views;49213.0
Kaliningrad;2019-07-07;views;54021.0
Kaliningrad;2019-07-08;views;57407.0
Kaliningrad;2019-07-09;views;56638.0
Kaliningrad;2019-07-10;views;56843.0
Kaliningrad;2019-07-11;views;54918.0
Kaliningrad;2019-07-12;views;52970.0
Kaliningrad;2019-07-13;views;50893.0
Kaliningrad;2019-07-14;views;52620.0
Kaliningrad;2019-07-15;views;54718.0
Kaliningrad;2019-07-16;views;54933.0
Kaliningrad;2019-07-17;views;52882.0
Kaliningrad;2019-07-18;views;52694.0
Kaliningrad;2019-07-19;views;50191.0
Kaliningrad;2019-07-20;views;48262.0
Kaliningrad;2019-07-21;views;51205.0
Kaliningrad;2019-07-22;views;52452.0
Kaliningrad;2019-07-23;views;52272.0
Kaliningrad;2019-07-24;views;52593.0
Kaliningrad;2019-07-25;views;51553.0
Kaliningrad;2019-07-26;views;48719.0
Kaliningrad;2019-07-27;views;46621.0
Kaliningrad;2019-07-28;views;49254.0
Kaliningrad;2019-07-29;views;53817.0
Kaliningrad;2019-07-30;views;53595.0
Kaliningrad;2019-07-31;views;52449.0
Kaliningrad;2019-08-01;views;50735.0
Kaliningrad;2019-08-02;views;49033.0
Kaliningrad;2019-08-03;views;46494.0
Kaliningrad;2019-08-04;views;49173.0
Kaliningrad;2019-08-05;views;51295.0
Kaliningrad;2019-08-06;views;50881.0
Kaliningrad;2019-08-07;views;49527.0
Kaliningrad;2019-08-08;views;48469.0
Kaliningrad;2019-08-09;views;46477.0
Kaliningrad;2019-08-10;views;44308.0
Kaliningrad;2019-08-11;views;45887.0
Kaliningrad;2019-08-12;views;48140.0
Kaliningrad;2019-08-13;views;47717.0
Kaliningrad;2019-08-14;views;47044.0
Kaliningrad;2019-08-15;views;
Kaliningrad;2019-08-16;views;
Kaliningrad;2019-08-17;views;
Kaliningrad;2019-08-18;views;
Kaliningrad;2019-08-19;views;
Kaliningrad;2019-08-20;views;
Kaliningrad;2019-08-21;views;
Kaliningrad;2019-08-22;views;
Kaliningrad;2019-08-23;views;
Kaliningrad;2019-08-24;views;
Kaliningrad;2019-08-25;views;
Kaliningrad;2019-08-26;views;
Kaliningrad;2019-08-27;views;
Kaliningrad;2019-08-28;views;
Kaliningrad;2019-08-29;views;
Kaliningrad;2019-08-30;views;
Kaliningrad;2019-08-31;views;39009.0
Kaliningrad;2019-09-01;views;42700.0
Kaliningrad;2019-09-02;views;41293.0
Kaliningrad;2019-09-03;views;40507.0
Kaliningrad;2019-09-04;views;42101.0
Kaliningrad;2019-09-05;views;39508.0
Kaliningrad;2019-09-06;views;46052.0
Kaliningrad;2019-09-07;views;37683.0
Kaliningrad;2019-09-08;views;37989.0
Kaliningrad;2019-09-09;views;37045.0
Kaliningrad;2019-09-10;views;40400.0
Kaliningrad;2019-09-11;views;35948.0
Kaliningrad;2019-09-12;views;34764.0
Kaliningrad;2019-09-13;views;34055.0
Kaliningrad;2019-09-14;views;31870.0
Kaliningrad;2019-09-15;views;33854.0
Kaliningrad;2019-09-16;views;34260.0
Kaliningrad;2019-09-17;views;32469.0
Kaliningrad;2019-09-18;views;30801.0
Kaliningrad;2019-09-19;views;31338.0
Kaliningrad;2019-09-20;views;33235.0
Kaliningrad;2019-09-21;views;28554.0
Kaliningrad;2019-09-22;views;35396.0
Kaliningrad;2019-09-23;views;30422.0
Kaliningrad;2019-09-24;views;30988.0
Kaliningrad;2019-09-25;views;32007.0
Kaliningrad;2019-09-26;views;28637.0
Kaliningrad;2019-09-27;views;23892.0
Kaliningrad;2019-09-28;views;23246.0
Kaliningrad;2019-09-29;views;24728.0
Kaliningrad;2019-09-30;views;25717.0
Kaliningrad;2019-10-01;views;25504.0
Kaliningrad;2019-10-02;views;24621.0
Kaliningrad;2019-10-03;views;23351.0
Kaliningrad;2019-10-04;views;22378.0
Kaliningrad;2019-10-05;views;21234.0
Kaliningrad;2019-10-06;views;22417.0
Kaliningrad;2019-10-07;views;23732.0
Kaliningrad;2019-10-08;views;23605.0
Kaliningrad;2019-10-09;views;23333.0
Kaliningrad;2019-10-10;views;22674.0
Kaliningrad;2019-10-11;views;22159.0
Kaliningrad;2019-10-12;views;21125.0
Kaliningrad;2019-10-13;views;22175.0
Kaliningrad;2019-10-14;views;23699.0
Kaliningrad;2019-10-15;views;23580.0
Kaliningrad;2019-10-16;views;23196.0
Kaliningrad;2019-10-17;views;22873.0
Kaliningrad;2019-10-18;views;21921.0
Kaliningrad;2019-10-19;views;21131.0
Kaliningrad;2019-10-20;views;22291.0
Kaliningrad;2019-10-21;views;23549.0
Kaliningrad;2019-10-22;views;23084.0
Kaliningrad;2019-10-23;views;
Kaliningrad;2019-10-24;views;19819.0
Kaliningrad;2019-10-25;views;19580.0
Kaliningrad;2019-10-26;views;20184.0
Kaliningrad;2019-10-27;views;21249.0
Kaliningrad;2019-10-28;views;22381.0
Kaliningrad;2019-10-29;views;22427.0
Kaliningrad;2019-10-30;views;22703.0
Kaliningrad;2019-10-31;views;21933.0
Kaliningrad;2019-11-01;views;21545.0
Kaliningrad;2019-11-02;views;20660.0
Kaliningrad;2019-11-03;views;20332.0
Kaliningrad;2019-11-04;views;22639.0
Kaliningrad;2019-11-05;views;22814.0
Kaliningrad;2019-11-06;views;22450.0
Kaliningrad;2019-11-07;views;21790.0
Kaliningrad;2019-11-08;views;21325.0
Kaliningrad;2019-11-09;views;20355.0
Kaliningrad;2019-11-10;views;21724.0
Kaliningrad;2019-11-11;views;22671.0
Kaliningrad;2019-11-12;views;22300.0
Kaliningrad;2019-11-13;views;21865.0
Kaliningrad;2019-11-14;views;20604.0
Kaliningrad;2019-11-15;views;20051.0
Kaliningrad;2019-11-16;views;19417.0
Kaliningrad;2019-11-17;views;20561.0
Kaliningrad;2019-11-18;views;22173.0
Kaliningrad;2019-11-19;views;
Kaliningrad;2019-11-20;views;
Kaliningrad;2019-11-21;views;
Kaliningrad;2019-11-22;views;20129.0
Kaliningrad;2019-11-23;views;19892.0
Kaliningrad;2019-11-24;views;
Kaliningrad;2019-11-25;views;22433.0
Kaliningrad;2019-11-26;views;23425.0
Kaliningrad;2019-11-27;views;22597.0
Kaliningrad;2019-11-28;views;22076.0
Kaliningrad;2019-11-29;views;21570.0
Kaliningrad;2019-11-30;views;21398.0
Kaliningrad;2019-12-01;views;22869.0
Kaliningrad;2019-12-02;views;23421.0
Kaliningrad;2019-12-03;views;22892.0
Kaliningrad;2019-12-04;views;22645.0
Kaliningrad;2019-12-05;views;22027.0
Kaliningrad;2019-12-06;views;21950.0
Kaliningrad;2019-12-07;views;21611.0
Kaliningrad;2019-12-08;views;23594.0
Kaliningrad;2019-12-09;views;24175.0
Kaliningrad;2019-12-10;views;23514.0
Kaliningrad;2019-12-11;views;23397.0
Kaliningrad;2019-12-12;views;22729.0
Kaliningrad;2019-12-13;views;22185.0
Kaliningrad;2019-12-14;views;21730.0
Kaliningrad;2019-12-15;views;23310.0
Kaliningrad;2019-12-16;views;24021.0
Kaliningrad;2019-12-17;views;23513.0
Kaliningrad;2019-12-18;views;23242.0
Kaliningrad;2019-12-19;views;22915.0
Kaliningrad;2019-12-20;views;21702.0
Kaliningrad;2019-12-21;views;21164.0
Kaliningrad;2019-12-22;views;23261.0
Kaliningrad;2019-12-23;views;23690.0
Kaliningrad;2019-12-24;views;23634.0
Kaliningrad;2019-12-25;views;22798.0
Kaliningrad;2019-12-26;views;21868.0
Kaliningrad;2019-12-27;views;21621.0
Kaliningrad;2019-12-28;views;21298.0
Kaliningrad;2019-12-29;views;21595.0
Kaliningrad;2019-12-30;views;17301.0
Kaliningrad;2019-12-31;views;21049.0
Kaliningrad;2020-01-01;views;21621.0
Kaliningrad;2020-01-02;views;24585.0
Kaliningrad;2020-01-03;views;25119.0
Kaliningrad;2020-01-04;views;24832.0
Kaliningrad;2020-01-05;views;24114.0
Kaliningrad;2020-01-06;views;24901.0
Kaliningrad;2020-01-07;views;26137.0
Kaliningrad;2020-01-08;views;26524.0
Kaliningrad;2020-01-09;views;26818.0
Kaliningrad;2020-01-10;views;26255.0
Kaliningrad;2020-01-11;views;25676.0
Kaliningrad;2020-01-12;views;25552.0
Kaliningrad;2020-01-13;views;26504.0
Kaliningrad;2020-01-14;views;26665.0
Kaliningrad;2020-01-15;views;26194.0
Kaliningrad;2020-01-16;views;25743.0
Kaliningrad;2020-01-17;views;24999.0
Kaliningrad;2020-01-18;views;24385.0
Kaliningrad;2020-01-19;views;25394.0
Kaliningrad;2020-01-20;views;27023.0
Kaliningrad;2020-01-21;views;26499.0
Kaliningrad;2020-01-22;views;27108.0
Kaliningrad;2020-01-23;views;26607.0
Kaliningrad;2020-01-24;views;25933.0
Kaliningrad;2020-01-25;views;25442.0
Kaliningrad;2020-01-26;views;26769.0
Kaliningrad;2020-01-27;views;28286.0
Kaliningrad;2020-01-28;views;28575.0
Kaliningrad;2020-01-29;views;28404.0
Kaliningrad;2020-01-30;views;27840.0
Kaliningrad;2020-01-31;views;27286.0
Kaliningrad;2020-02-01;views;26901.0
Kaliningrad;2020-02-02;views;27830.0
Kaliningrad;2020-02-03;views;29429.0
Kaliningrad;2020-02-04;views;28607.0
Kaliningrad;2020-02-05;views;28210.0
Kaliningrad;2020-02-06;views;28397.0
Kaliningrad;2020-02-07;views;27891.0
Kaliningrad;2020-02-08;views;27001.0
Kaliningrad;2020-02-09;views;27968.0
Kaliningrad;2020-02-10;views;28824.0
Kaliningrad;2020-02-11;views;28505.0
Kaliningrad;2020-02-12;views;28058.0
Kaliningrad;2020-02-13;views;27213.0
Kaliningrad;2020-02-14;views;26872.0
Kaliningrad;2020-02-15;views;26422.0
Kaliningrad;2020-02-16;views;27167.0
Kaliningrad;2020-02-17;views;28025.0
Kaliningrad;2020-02-18;views;28688.0
Kaliningrad;2020-02-19;views;28342.0
Kaliningrad;2020-02-20;views;27474.0
Kaliningrad;2020-02-21;views;26534.0
Kaliningrad;2020-02-22;views;25248.0
Kaliningrad;2020-02-23;views;27722.0
Kaliningrad;2020-02-24;views;29520.0
Kaliningrad;2020-02-25;views;29532.0
Kaliningrad;2020-02-26;views;29129.0
Kaliningrad;2020-02-27;views;28178.0
Kaliningrad;2020-02-28;views;
Kaliningrad;2020-02-29;views;27564.0
Kaliningrad;2020-03-01;views;28296.0
Kaliningrad;2020-03-02;views;29252.0
Kaliningrad;2020-03-03;views;28550.0
Kaliningrad;2020-03-04;views;27197.0
Kaliningrad;2020-03-05;views;25511.0
Kaliningrad;2020-03-06;views;22963.0
Kaliningrad;2020-03-07;views;23197.0
Kaliningrad;2020-03-08;views;27794.0
Kaliningrad;2020-03-09;views;29894.0
Kaliningrad;2020-03-10;views;30460.0
Kaliningrad;2020-03-11;views;30281.0
Kaliningrad;2020-03-12;views;30376.0
Kaliningrad;2020-03-13;views;29922.0
Kaliningrad;2020-03-14;views;29727.0
Kaliningrad;2020-03-15;views;28933.0
Kaliningrad;2020-03-16;views;29091.0
Kaliningrad;2020-03-17;views;30776.0
Kaliningrad;2020-03-18;views;30241.0
Kaliningrad;2020-03-19;views;30009.0
Kaliningrad;2020-03-20;views;30497.0
Kaliningrad;2020-03-21;views;30116.0
Kaliningrad;2020-03-22;views;29897.0
Kaliningrad;2020-03-23;views;31935.0
Kaliningrad;2020-03-24;views;31014.0
Kaliningrad;2020-03-25;views;30067.0
Kaliningrad;2020-03-26;views;29860.0
Kaliningrad;2020-03-27;views;30774.0
Kaliningrad;2020-03-28;views;29848.0
Kaliningrad;2020-03-29;views;28857.0
Kaliningrad;2020-03-30;views;29673.0
Kaliningrad;2020-03-31;views;30355.0
Kaliningrad;2020-04-01;views;30484.0
Kaliningrad;2020-04-02;views;
Kaliningrad;2020-04-03;views;28750.0
Kaliningrad;2020-04-04;views;28832.0
Kaliningrad;2020-04-05;views;28293.0
Kaliningrad;2020-04-06;views;
Kaliningrad;2020-04-07;views;
Kaliningrad;2020-04-08;views;30796.0
Kaliningrad;2020-04-09;views;30132.0
Kaliningrad;2020-04-10;views;31025.0
Kaliningrad;2020-04-11;views;30273.0
Kaliningrad;2020-04-12;views;30395.0
Kaliningrad;2020-04-13;views;31248.0
Kaliningrad;2020-04-14;views;32183.0
Kaliningrad;2020-04-15;views;32069.0
Kaliningrad;2020-04-16;views;32342.0
Kaliningrad;2020-04-17;views;32894.0
Kaliningrad;2020-04-18;views;32879.0
Kaliningrad;2020-04-19;views;31736.0
Kaliningrad;2020-04-20;views;33796.0
Kaliningrad;2020-04-21;views;33943.0
Kaliningrad;2020-04-22;views;33963.0
Kaliningrad;2020-04-23;views;33778.0
Kaliningrad;2020-04-24;views;33570.0
Kaliningrad;2020-04-25;views;33650.0
Kaliningrad;2020-04-26;views;32386.0
Kaliningrad;2020-04-27;views;32753.0
Kaliningrad;2020-04-28;views;34188.0
Kaliningrad;2020-04-29;views;33512.0
Kaliningrad;2020-04-30;views;34032.0
Kaliningrad;2020-05-01;views;35643.0
Kaliningrad;2020-05-02;views;36482.0
Kaliningrad;2020-05-03;views;36204.0
Kaliningrad;2020-05-04;views;37472.0
Kaliningrad;2020-05-05;views;37395.0
Kaliningrad;2020-05-06;views;36739.0
Kaliningrad;2020-05-07;views;34254.0
Kaliningrad;2020-05-08;views;34254.0
Kaliningrad;2020-05-09;views;36621.0
Kaliningrad;2020-05-10;views;36901.0
Kaliningrad;2020-05-11;views;38901.0
Kaliningrad;2020-05-12;views;39366.0
Kaliningrad;2020-05-13;views;39189.0
Kaliningrad;2020-05-14;views;39132.0
Kaliningrad;2020-05-15;views;39108.0
Kaliningrad;2020-05-16;views;39732.0
Kaliningrad;2020-05-17;views;38767.0
Kaliningrad;2020-05-18;views;41105.0
Kaliningrad;2020-05-19;views;42283.0
Kaliningrad;2020-05-20;views;41785.0
Kaliningrad;2020-05-21;views;41442.0
Kaliningrad;2020-05-22;views;41141.0
Kaliningrad;2020-05-23;views;41461.0
Kaliningrad;2020-05-24;views;40898.0
Kaliningrad;2020-05-25;views;43112.0
Kaliningrad;2020-05-26;views;43961.0
Kaliningrad;2020-05-27;views;43836.0
Kaliningrad;2020-05-28;views;44555.0
Kaliningrad;2020-05-29;views;44984.0
Kaliningrad;2020-05-30;views;44222.0
Kaliningrad;2020-05-31;views;42837.0
Kaliningrad;2020-06-01;views;45629.0
Kaliningrad;2020-06-02;views;48604.0
Kaliningrad;2020-06-03;views;48454.0
Kaliningrad;2020-06-04;views;47305.0
Kaliningrad;2020-06-05;views;47256.0
Kaliningrad;2020-06-06;views;47742.0
Kaliningrad;2020-06-07;views;47486.0
Kaliningrad;2020-06-08;views;49265.0
Kaliningrad;2020-06-09;views;50580.0
Kaliningrad;2020-06-10;views;51233.0
Kaliningrad;2020-06-11;views;50997.0
Kaliningrad;2020-06-12;views;50639.0
Kaliningrad;2020-06-13;views;50610.0
Kaliningrad;2020-06-14;views;50554.0
Kaliningrad;2020-06-15;views;52421.0
Kaliningrad;2020-06-16;views;54110.0
Kaliningrad;2020-06-17;views;53979.0
Kaliningrad;2020-06-18;views;53707.0
Kaliningrad;2020-06-19;views;53202.0
Kaliningrad;2020-06-20;views;53903.0
Kaliningrad;2020-06-21;views;53180.0
Kaliningrad;2020-06-22;views;55288.0
Kaliningrad;2020-06-23;views;56419.0
Kaliningrad;2020-06-24;views;56445.0
Kaliningrad;2020-06-25;views;55891.0
Kaliningrad;2020-06-26;views;55411.0
Kaliningrad;2020-06-27;views;56635.0
Kaliningrad;2020-06-28;views;55009.0
Kaliningrad;2020-06-29;views;56422.0
Kaliningrad;2020-06-30;views;58638.0
Kaliningrad;2020-07-01;views;59716.0
Kaliningrad;2020-07-02;views;60003.0
Kaliningrad;2020-07-03;views;59148.0
Kaliningrad;2020-07-04;views;58521.0
Kaliningrad;2020-07-05;views;56442.0
Kaliningrad;2020-07-06;views;59334.0
Kaliningrad;2020-07-07;views;61123.0
Kaliningrad;2020-07-08;views;60429.0
Kaliningrad;2020-07-09;views;59374.0
Kaliningrad;2020-07-10;views;
Kaliningrad;2020-07-11;views;
Kaliningrad;2020-07-12;views;57553.0
Kaliningrad;2020-07-13;views;58436.0
Kaliningrad;2020-07-14;views;59559.0
Kaliningrad;2020-07-15;views;59041.0
Kaliningrad;2020-07-16;views;56914.0
Kaliningrad;2020-07-17;views;56687.0
Kaliningrad;2020-07-18;views;56348.0
Kaliningrad;2020-07-19;views;55263.0
Kaliningrad;2020-07-20;views;56878.0
Kaliningrad;2020-07-21;views;57248.0
Kaliningrad;2020-07-22;views;56361.0
Kaliningrad;2020-07-23;views;55386.0
Kaliningrad;2020-07-24;views;54588.0
Kaliningrad;2020-07-25;views;53845.0
Kaliningrad;2020-07-26;views;52825.0
Kaliningrad;2020-07-27;views;54449.0
Kaliningrad;2020-07-28;views;57935.0
Kaliningrad;2020-07-29;views;57290.0
Kaliningrad;2020-07-30;views;55624.0
Kaliningrad;2020-07-31;views;54435.0
Kaliningrad;2020-08-01;views;53890.0
Kaliningrad;2020-08-02;views;52658.0
Kaliningrad;2020-08-03;views;54501.0
Kaliningrad;2020-08-04;views;55210.0
Kaliningrad;2020-08-05;views;54409.0
Kaliningrad;2020-08-06;views;52688.0
Kaliningrad;2020-08-07;views;52176.0
Kaliningrad;2020-08-08;views;51760.0
Kaliningrad;2020-08-09;views;50310.0
Kaliningrad;2020-08-10;views;51190.0
Kaliningrad;2020-08-11;views;52049.0
Kaliningrad;2020-08-12;views;50924.0
Kaliningrad;2020-08-13;views;49577.0
Kaliningrad;2020-08-14;views;48894.0
Kaliningrad;2020-08-15;views;48512.0
Kaliningrad;2020-08-16;views;48132.0
Kaliningrad;2020-08-17;views;48008.0
Kaliningrad;2020-08-18;views;47773.0
Kaliningrad;2020-08-19;views;47230.0
Kaliningrad;2020-08-20;views;46201.0
Kaliningrad;2020-08-21;views;45352.0
Kaliningrad;2020-08-22;views;45049.0
Kaliningrad;2020-08-23;views;44626.0
Kaliningrad;2020-08-24;views;44449.0
Kaliningrad;2020-08-25;views;44584.0
Kaliningrad;2020-08-26;views;43784.0
Kaliningrad;2020-08-27;views;42567.0
Kaliningrad;2020-08-28;views;41613.0
Kaliningrad;2020-08-29;views;41241.0
Kaliningrad;2020-08-30;views;40876.0
Kaliningrad;2020-08-31;views;42497.0
Kaliningrad;2020-09-01;views;41777.0
Kaliningrad;2020-09-02;views;40869.0
Kaliningrad;2020-09-03;views;41191.0
Kaliningrad;2020-09-04;views;39375.0
Kaliningrad;2020-09-05;views;43127.0
Kaliningrad;2020-09-06;views;38145.0
Kaliningrad;2020-09-07;views;38281.0
Kaliningrad;2020-09-08;views;37716.0
Kaliningrad;2020-09-09;views;39167.0
Kaliningrad;2020-09-10;views;36149.0
Kaliningrad;2020-09-11;views;34844.0
Kaliningrad;2020-09-12;views;34662.0
Kaliningrad;2020-09-13;views;33224.0
Kaliningrad;2020-09-14;views;34130.0
Kaliningrad;2020-09-15;views;34155.0
Kaliningrad;2020-09-16;views;32722.0
Kaliningrad;2020-09-17;views;31476.0
Kaliningrad;2020-09-18;views;31096.0
Kaliningrad;2020-09-19;views;32120.0
Kaliningrad;2020-09-20;views;29451.0
Kaliningrad;2020-09-21;views;33119.0
Kaliningrad;2020-09-22;views;30305.0
Kaliningrad;2020-09-23;views;30209.0
Kaliningrad;2020-09-24;views;30619.0
Kaliningrad;2020-09-25;views;28530.0
Kaliningrad;2020-09-26;views;25399.0
Kaliningrad;2020-09-27;views;24888.0
Kaliningrad;2020-09-28;views;25874.0
Kaliningrad;2020-09-29;views;26218.0
Kaliningrad;2020-09-30;views;25832.0
Kaliningrad;2020-10-01;views;24867.0
Kaliningrad;2020-10-02;views;24043.0
Kaliningrad;2020-10-03;views;23910.0
Kaliningrad;2020-10-04;views;23047.0
Kaliningrad;2020-10-05;views;23759.0
Kaliningrad;2020-10-06;views;24104.0
Kaliningrad;2020-10-07;views;23855.0
Kaliningrad;2020-10-08;views;23240.0
Kaliningrad;2020-10-09;views;22714.0
Kaliningrad;2020-10-10;views;22754.0
Kaliningrad;2020-10-11;views;22296.0
Kaliningrad;2020-10-12;views;22726.0
Kaliningrad;2020-10-13;views;23676.0
Kaliningrad;2020-10-14;views;23401.0
Kaliningrad;2020-10-15;views;22554.0
Kaliningrad;2020-10-16;views;22168.0
Kaliningrad;2020-10-17;views;22059.0
Kaliningrad;2020-10-18;views;21506.0
Kaliningrad;2020-10-19;views;22094.0
Kaliningrad;2020-10-20;views;23190.0
Kaliningrad;2020-10-21;views;22573.0
Kaliningrad;2020-10-22;views;21658.0
Kaliningrad;2020-10-23;views;21016.0
Kaliningrad;2020-10-24;views;20906.0
Kaliningrad;2020-10-25;views;21329.0
Kaliningrad;2020-10-26;views;22017.0
Kaliningrad;2020-10-27;views;22499.0
Kaliningrad;2020-10-28;views;22188.0
Kaliningrad;2020-10-29;views;21888.0
Kaliningrad;2020-10-30;views;21525.0
Kaliningrad;2020-10-31;views;21593.0
Kaliningrad;2020-11-01;views;21424.0
Kaliningrad;2020-11-02;views;20920.0
Kaliningrad;2020-11-03;views;22393.0
Kaliningrad;2020-11-04;views;22525.0
Kaliningrad;2020-11-05;views;22115.0
Kaliningrad;2020-11-06;views;21580.0
Kaliningrad;2020-11-07;views;21436.0
Kaliningrad;2020-11-08;views;20927.0
Kaliningrad;2020-11-09;views;21525.0
Kaliningrad;2020-11-10;views;21962.0
Kaliningrad;2020-11-11;views;21664.0
Kaliningrad;2020-11-12;views;
Kaliningrad;2020-11-13;views;20404.0
Kaliningrad;2020-11-14;views;
Kaliningrad;2020-11-15;views;20005.0
Kaliningrad;2020-11-16;views;
Kaliningrad;2020-11-17;views;
Kaliningrad;2020-11-18;views;21669.0
Kaliningrad;2020-11-19;views;21027.0
Kaliningrad;2020-11-20;views;20387.0
Kaliningrad;2020-11-21;views;20453.0
Kaliningrad;2020-11-22;views;20277.0
Kaliningrad;2020-11-23;views;21953.0
Kaliningrad;2020-11-24;views;21850.0
Kaliningrad;2020-11-25;views;22178.0
Kaliningrad;2020-11-26;views;21392.0
Kaliningrad;2020-11-27;views;21141.0
Kaliningrad;2020-11-28;views;21305.0
Kaliningrad;2020-11-29;views;21752.0
Kaliningrad;2020-11-30;views;22477.0
Kaliningrad;2020-12-01;views;22745.0
Kaliningrad;2020-12-02;views;22165.0
Kaliningrad;2020-12-03;views;21757.0
Kaliningrad;2020-12-04;views;21767.0
Kaliningrad;2020-12-05;views;22057.0
Kaliningrad;2020-12-06;views;21908.0
Kaliningrad;2020-12-07;views;23148.0
Kaliningrad;2020-12-08;views;23432.0
Kaliningrad;2020-12-09;views;22678.0
Kaliningrad;2020-12-10;views;22488.0
Kaliningrad;2020-12-11;views;22258.0
Kaliningrad;2020-12-12;views;22213.0
Kaliningrad;2020-12-13;views;21906.0
Kaliningrad;2020-12-14;views;22866.0
Kaliningrad;2020-12-15;views;23349.0
Kaliningrad;2020-12-16;views;22710.0
Kaliningrad;2020-12-17;views;22187.0
Kaliningrad;2020-12-18;views;22060.0
Kaliningrad;2020-12-19;views;21761.0
Kaliningrad;2020-12-20;views;21305.0
Kaliningrad;2020-12-21;views;22563.0
Kaliningrad;2020-12-22;views;22425.0
Kaliningrad;2020-12-23;views;22477.0
Kaliningrad;2020-12-24;views;21708.0
Kaliningrad;2020-12-25;views;20964.0
Kaliningrad;2020-12-26;views;21404.0
Kaliningrad;2020-12-27;views;20821.0
Kaliningrad;2020-12-28;views;20822.0
Kaliningrad;2020-12-29;views;
Kaliningrad;2020-12-30;views;
Kaliningrad;2020-12-31;views;16887.0
Kaliningrad;2021-01-01;views;26518.0
Kaliningrad;2021-01-02;views;27385.0
Kaliningrad;2021-01-03;views;27769.0
Kaliningrad;2021-01-04;views;27451.0
Kaliningrad;2021-01-05;views;26881.0
Kaliningrad;2021-01-06;views;27711.0
Kaliningrad;2021-01-07;views;28081.0
Kaliningrad;2021-01-08;views;28781.0
Kaliningrad;2021-01-09;views;28589.0
Kaliningrad;2021-01-10;views;27984.0
Kaliningrad;2021-01-11;views;28763.0
Kaliningrad;2021-01-12;views;28316.0
Kaliningrad;2021-01-13;views;
Kaliningrad;2021-01-14;views;
Kaliningrad;2021-01-15;views;
Kaliningrad;2021-01-16;views;27310.0
Kaliningrad;2021-01-17;views;26222.0
Kaliningrad;2021-01-18;views;27454.0
Kaliningrad;2021-01-19;views;28829.0
Kaliningrad;2021-01-20;views;28433.0
Kaliningrad;2021-01-21;views;28312.0
Kaliningrad;2021-01-22;views;27647.0
Kaliningrad;2021-01-23;views;28308.0
Kaliningrad;2021-01-24;views;28373.0
Kaliningrad;2021-01-25;views;29944.0
Kaliningrad;2021-01-26;views;30865.0
Kaliningrad;2021-01-27;views;30611.0
Kaliningrad;2021-01-28;views;29595.0
Kaliningrad;2021-01-29;views;29135.0
Kaliningrad;2021-01-30;views;29341.0
Kaliningrad;2021-01-31;views;29102.0
Kaliningrad;2021-02-01;views;30353.0
Kaliningrad;2021-02-02;views;31755.0
Kaliningrad;2021-02-03;views;31442.0
Kaliningrad;2021-02-04;views;30228.0
Kaliningrad;2021-02-05;views;30379.0
Kaliningrad;2021-02-06;views;30983.0
Kaliningrad;2021-02-07;views;30727.0
Kaliningrad;2021-02-08;views;32011.0
Kaliningrad;2021-02-09;views;31825.0
Kaliningrad;2021-02-10;views;31473.0
Kaliningrad;2021-02-11;views;30520.0
Kaliningrad;2021-02-12;views;29700.0
Kaliningrad;2021-02-13;views;29861.0
Kaliningrad;2021-02-14;views;30032.0
Kaliningrad;2021-02-15;views;30656.0
Kaliningrad;2021-02-16;views;31122.0
Kaliningrad;2021-02-17;views;30891.0
Kaliningrad;2021-02-18;views;30566.0
Kaliningrad;2021-02-19;views;29487.0
Kaliningrad;2021-02-20;views;28961.0
Kaliningrad;2021-02-21;views;28631.0
Kaliningrad;2021-02-22;views;29443.0
Kaliningrad;2021-02-23;views;32274.0
Kaliningrad;2021-02-24;views;31984.0
Kaliningrad;2021-02-25;views;30914.0
Kaliningrad;2021-02-26;views;29555.0
Kaliningrad;2021-02-27;views;30873.0
Kaliningrad;2021-02-28;views;30644.0
Kaliningrad;2021-03-01;views;31255.0
Kaliningrad;2021-03-02;views;
Kaliningrad;2021-03-03;views;
Kaliningrad;2021-03-04;views;
Kaliningrad;2021-03-05;views;27540.0
Kaliningrad;2021-03-06;views;25922.0
Kaliningrad;2021-03-07;views;23862.0
Kaliningrad;2021-03-08;views;31000.0
Kaliningrad;2021-03-09;views;32645.0
Kaliningrad;2021-03-10;views;33446.0
Kaliningrad;2021-03-11;views;32577.0
Kaliningrad;2021-03-12;views;31810.0
Kaliningrad;2021-03-13;views;32092.0
Kaliningrad;2021-03-14;views;33618.0
Kaliningrad;2021-03-15;views;33238.0
Kaliningrad;2021-03-16;views;32930.0
Kaliningrad;2021-03-17;views;33971.0
Kaliningrad;2021-03-18;views;32698.0
Kaliningrad;2021-03-19;views;
Kaliningrad;2021-03-20;views;33046.0
Kaliningrad;2021-03-21;views;33908.0
Kaliningrad;2021-03-22;views;33499.0
Kaliningrad;2021-03-23;views;34785.0
Kaliningrad;2021-03-24;views;34023.0
Kaliningrad;2021-03-25;views;31900.0
Kaliningrad;2021-03-26;views;31169.0
Kaliningrad;2021-03-27;views;32451.0
Kaliningrad;2021-03-28;views;32068.0
Kaliningrad;2021-03-29;views;31180.0
Kaliningrad;2021-03-30;views;31032.0
Kaliningrad;2021-03-31;views;30958.0
Kaliningrad;2021-04-01;views;31096.0
Kaliningrad;2021-04-02;views;30555.0
Kaliningrad;2021-04-03;views;31476.0
Kaliningrad;2021-04-04;views;32775.0
Kaliningrad;2021-04-05;views;31688.0
Kaliningrad;2021-04-06;views;31997.0
Kaliningrad;2021-04-07;views;32452.0
Kaliningrad;2021-04-08;views;32672.0
Kaliningrad;2021-04-09;views;32064.0
Kaliningrad;2021-04-10;views;33338.0
Kaliningrad;2021-04-11;views;
Kaliningrad;2021-04-12;views;34916.0
Kaliningrad;2021-04-13;views;
Kaliningrad;2021-04-14;views;35969.0
Kaliningrad;2021-04-15;views;35290.0
Kaliningrad;2021-04-16;views;34426.0
Kaliningrad;2021-04-17;views;
Kaliningrad;2021-04-18;views;
Kaliningrad;2021-04-19;views;37049.0
Kaliningrad;2021-04-20;views;36878.0
Kaliningrad;2021-04-21;views;36726.0
Kaliningrad;2021-04-22;views;36425.0
Kaliningrad;2021-04-23;views;36143.0
Kaliningrad;2021-04-24;views;37311.0
Kaliningrad;2021-04-25;views;38680.0
Kaliningrad;2021-04-26;views;37466.0
Kaliningrad;2021-04-27;views;37576.0
Kaliningrad;2021-04-28;views;38040.0
Kaliningrad;2021-04-29;views;36658.0
Kaliningrad;2021-04-30;views;34376.0
Kaliningrad;2021-05-01;views;36160.0
Kaliningrad;2021-05-02;views;39084.0
Kaliningrad;2021-05-03;views;40409.0
Kaliningrad;2021-05-04;views;40751.0
Kaliningrad;2021-05-05;views;40313.0
Kaliningrad;2021-05-06;views;39462.0
Kaliningrad;2021-05-07;views;37631.0
Kaliningrad;2021-05-08;views;35459.0
Kaliningrad;2021-05-09;views;40543.0
Kaliningrad;2021-05-10;views;41720.0
Kaliningrad;2021-05-11;views;42610.0
Kaliningrad;2021-05-12;views;42693.0
Kaliningrad;2021-05-13;views;42329.0
Kaliningrad;2021-05-14;views;41158.0
Kaliningrad;2021-05-15;views;43035.0
Kaliningrad;2021-05-16;views;45646.0
Kaliningrad;2021-05-17;views;45301.0
Kaliningrad;2021-05-18;views;46561.0
Kaliningrad;2021-05-19;views;46817.0
Kaliningrad;2021-05-20;views;45771.0
Kaliningrad;2021-05-21;views;
Kaliningrad;2021-05-22;views;46056.0
Kaliningrad;2021-05-23;views;48262.0
Kaliningrad;2021-05-24;views;48430.0
Kaliningrad;2021-05-25;views;48802.0
Kaliningrad;2021-05-26;views;49307.0
Kaliningrad;2021-05-27;views;48418.0
Kaliningrad;2021-05-28;views;47946.0
Kaliningrad;2021-05-29;views;50110.0
Kaliningrad;2021-05-30;views;50458.0
Kaliningrad;2021-05-31;views;50683.0
Kaliningrad;2021-06-01;views;53194.0
Kaliningrad;2021-06-02;views;53949.0
Kaliningrad;2021-06-03;views;53104.0
Kaliningrad;2021-06-04;views;50707.0
Kaliningrad;2021-06-05;views;52264.0
Kaliningrad;2021-06-06;views;55083.0
Kaliningrad;2021-06-07;views;55923.0
Kaliningrad;2021-06-08;views;57937.0
Kaliningrad;2021-06-09;views;58675.0
Kaliningrad;2021-06-10;views;57765.0
Kaliningrad;2021-06-11;views;55605.0
Kaliningrad;2021-06-12;views;57286.0
Kaliningrad;2021-06-13;views;59752.0
Kaliningrad;2021-06-14;views;60948.0
Kaliningrad;2021-06-15;views;62112.0
Kaliningrad;2021-06-16;views;62967.0
Kaliningrad;2021-06-17;views;61583.0
Kaliningrad;2021-06-18;views;59535.0
Kaliningrad;2021-06-19;views;60061.0
Kaliningrad;2021-06-20;views;62696.0
Kaliningrad;2021-06-21;views;63030.0
Kaliningrad;2021-06-22;views;64503.0
Kaliningrad;2021-06-23;views;64507.0
Kaliningrad;2021-06-24;views;64219.0
Kaliningrad;2021-06-25;views;62646.0
Kaliningrad;2021-06-26;views;62768.0
Kaliningrad;2021-06-27;views;65932.0
Kaliningrad;2021-06-28;views;66262.0
Kaliningrad;2021-06-29;views;66937.0
Kaliningrad;2021-06-30;views;68990.0
Kaliningrad;2021-07-01;views;69739.0
Kaliningrad;2021-07-02;views;68724.0
Kaliningrad;2021-07-03;views;68983.0
Kaliningrad;2021-07-04;views;70221.0
Kaliningrad;2021-07-05;views;69269.0
Kaliningrad;2021-07-06;views;70161.0
Kaliningrad;2021-07-07;views;70330.0
Kaliningrad;2021-07-08;views;69746.0
Kaliningrad;2021-07-09;views;67115.0
Kaliningrad;2021-07-10;views;66669.0
Kaliningrad;2021-07-11;views;69134.0
Kaliningrad;2021-07-12;views;70234.0
Kaliningrad;2021-07-13;views;70251.0
Kaliningrad;2021-07-14;views;70366.0
Kaliningrad;2021-07-15;views;68897.0
Kaliningrad;2021-07-16;views;66584.0
Kaliningrad;2021-07-17;views;66648.0
Kaliningrad;2021-07-18;views;68804.0
Kaliningrad;2021-07-19;views;68489.0
Kaliningrad;2021-07-20;views;68693.0
Kaliningrad;2021-07-21;views;68064.0
Kaliningrad;2021-07-22;views;66215.0
Kaliningrad;2021-07-23;views;63597.0
Kaliningrad;2021-07-24;views;63301.0
Kaliningrad;2021-07-25;views;65086.0
Kaliningrad;2021-07-26;views;65064.0
Kaliningrad;2021-07-27;views;65614.0
Kaliningrad;2021-07-28;views;68037.0
Kaliningrad;2021-07-29;views;66821.0
Kaliningrad;2021-07-30;views;64474.0
Kaliningrad;2021-07-31;views;64123.0
Kaliningrad;2021-08-01;views;65013.0
Kaliningrad;2021-08-02;views;65059.0
Kaliningrad;2021-08-03;views;66123.0
Kaliningrad;2021-08-04;views;65262.0
Kaliningrad;2021-08-05;views;63894.0
Kaliningrad;2021-08-06;views;61614.0
Kaliningrad;2021-08-07;views;61978.0
Kaliningrad;2021-08-08;views;63358.0
Kaliningrad;2021-08-09;views;62519.0
Kaliningrad;2021-08-10;views;62765.0
Kaliningrad;2021-08-11;views;62071.0
Kaliningrad;2021-08-12;views;59945.0
Kaliningrad;2021-08-13;views;57714.0
Kaliningrad;2021-08-14;views;57540.0
Kaliningrad;2021-08-15;views;57447.0
Kaliningrad;2021-08-16;views;57762.0
Kaliningrad;2021-08-17;views;57661.0
Kaliningrad;2021-08-18;views;56701.0
Kaliningrad;2021-08-19;views;55920.0
Kaliningrad;2021-08-20;views;53935.0
Kaliningrad;2021-08-21;views;53213.0
Kaliningrad;2021-08-22;views;53504.0
Kaliningrad;2021-08-23;views;53213.0
Kaliningrad;2021-08-24;views;52840.0
Kaliningrad;2021-08-25;views;52585.0
Kaliningrad;2021-08-26;views;51261.0
Kaliningrad;2021-08-27;views;48949.0
Kaliningrad;2021-08-28;views;48478.0
Kaliningrad;2021-08-29;views;
Kaliningrad;2021-08-30;views;48041.0
Kaliningrad;2021-08-31;views;47485.0
Kaliningrad;2021-09-01;views;47470.0
Kaliningrad;2021-09-02;views;46282.0
Kaliningrad;2021-09-03;views;45165.0
Kaliningrad;2021-09-04;views;44172.0
Kaliningrad;2021-09-05;views;
Kaliningrad;2021-09-06;views;
Kaliningrad;2021-09-07;views;43585.0
Kaliningrad;2021-09-08;views;43362.0
Kaliningrad;2021-09-09;views;42905.0
Kaliningrad;2021-09-10;views;41166.0
Kaliningrad;2021-09-11;views;39631.0
Kaliningrad;2021-09-12;views;40158.0
Kaliningrad;2021-09-13;views;39308.0
Kaliningrad;2021-09-14;views;39117.0
Kaliningrad;2021-09-15;views;38724.0
Kaliningrad;2021-09-16;views;37555.0
Kaliningrad;2021-09-17;views;36656.0
Kaliningrad;2021-09-18;views;35286.0
Kaliningrad;2021-09-19;views;35449.0
Kaliningrad;2021-09-20;views;34814.0
Kaliningrad;2021-09-21;views;35297.0
Kaliningrad;2021-09-22;views;34577.0
Kaliningrad;2021-09-23;views;33641.0
Kaliningrad;2021-09-24;views;
Kaliningrad;2021-09-25;views;
Kaliningrad;2021-09-26;views;31043.0
Kaliningrad;2021-09-27;views;30615.0
Kaliningrad;2021-09-28;views;31152.0
Kaliningrad;2021-09-29;views;30758.0
Kaliningrad;2021-09-30;views;30141.0
Kaliningrad;2021-10-01;views;28876.0
Kaliningrad;2021-10-02;views;28737.0
Kaliningrad;2021-10-03;views;29613.0
Kaliningrad;2021-10-04;views;28816.0
Kaliningrad;2021-10-05;views;29047.0
Kaliningrad;2021-10-06;views;28280.0
Kaliningrad;2021-10-07;views;27771.0
Kaliningrad;2021-10-08;views;26683.0
Kaliningrad;2021-10-09;views;26414.0
Kaliningrad;2021-10-10;views;27157.0
Kaliningrad;2021-10-11;views;27276.0
Kaliningrad;2021-10-12;views;27079.0
Kaliningrad;2021-10-13;views;27506.0
Kaliningrad;2021-10-14;views;26967.0
Kaliningrad;2021-10-15;views;25428.0
Kaliningrad;2021-10-16;views;25077.0
Kaliningrad;2021-10-17;views;26054.0
Kaliningrad;2021-10-18;views;25676.0
Kaliningrad;2021-10-19;views;25656.0
Kaliningrad;2021-10-20;views;26769.0
Kaliningrad;2021-10-21;views;25778.0
Kaliningrad;2021-10-22;views;25208.0
Kaliningrad;2021-10-23;views;26221.0
Kaliningrad;2021-10-24;views;26291.0
Kaliningrad;2021-10-25;views;26489.0
Kaliningrad;2021-10-26;views;26826.0
Kaliningrad;2021-10-27;views;26631.0
Kaliningrad;2021-10-28;views;25814.0
Kaliningrad;2021-10-29;views;24770.0
Kaliningrad;2021-10-30;views;25009.0
Kaliningrad;2021-10-31;views;25691.0
Kaliningrad;2021-11-01;views;26360.0
Kaliningrad;2021-11-02;views;25623.0
Kaliningrad;2021-11-03;views;26262.0
Kaliningrad;2021-11-04;views;26298.0
Kaliningrad;2021-11-05;views;25860.0
Kaliningrad;2021-11-06;views;25460.0
Kaliningrad;2021-11-07;views;25657.0
Kaliningrad;2021-11-08;views;25612.0
Kaliningrad;2021-11-09;views;25333.0
Kaliningrad;2021-11-10;views;25169.0
Kaliningrad;2021-11-11;views;24890.0
Kaliningrad;2021-11-12;views;23775.0
Kaliningrad;2021-11-13;views;24125.0
Kaliningrad;2021-11-14;views;25252.0
Kaliningrad;2021-11-15;views;24566.0
Kaliningrad;2021-11-16;views;24779.0
Kaliningrad;2021-11-17;views;25332.0
Kaliningrad;2021-11-18;views;25556.0
Kaliningrad;2021-11-19;views;24759.0
Kaliningrad;2021-11-20;views;24393.0
Kaliningrad;2021-11-21;views;25066.0
Kaliningrad;2021-11-22;views;24952.0
Kaliningrad;2021-11-23;views;26926.0
Kaliningrad;2021-11-24;views;25464.0
Kaliningrad;2021-11-25;views;24987.0
Kaliningrad;2021-11-26;views;24250.0
Kaliningrad;2021-11-27;views;24361.0
Kaliningrad;2021-11-28;views;25528.0
Kaliningrad;2021-11-29;views;26739.0
Kaliningrad;2021-11-30;views;26667.0
Kaliningrad;2021-12-01;views;26656.0
Kaliningrad;2021-12-02;views;25805.0
Kaliningrad;2021-12-03;views;25151.0
Kaliningrad;2021-12-04;views;26155.0
Kaliningrad;2021-12-05;views;26893.0
Kaliningrad;2021-12-06;views;26969.0
Kaliningrad;2021-12-07;views;27526.0
Kaliningrad;2021-12-08;views;27518.0
Kaliningrad;2021-12-09;views;26478.0
Kaliningrad;2021-12-10;views;26147.0
Kaliningrad;2021-12-11;views;26651.0
Kaliningrad;2021-12-12;views;27225.0
Kaliningrad;2021-12-13;views;27001.0
Kaliningrad;2021-12-14;views;27310.0
Kaliningrad;2021-12-15;views;27569.0
Kaliningrad;2021-12-16;views;26542.0
Kaliningrad;2021-12-17;views;25647.0
Kaliningrad;2021-12-18;views;25917.0
Kaliningrad;2021-12-19;views;26748.0
Kaliningrad;2021-12-20;views;26203.0
Kaliningrad;2021-12-21;views;26478.0
Kaliningrad;2021-12-22;views;25566.0
Kaliningrad;2021-12-23;views;25681.0
Kaliningrad;2021-12-24;views;24897.0
Kaliningrad;2021-12-25;views;24405.0
Kaliningrad;2021-12-26;views;25694.0
Kaliningrad;2021-12-27;views;24569.0
Kaliningrad;2021-12-28;views;24145.0
Kaliningrad;2021-12-29;views;20996.0
Kaliningrad;2021-12-30;views;
Kaliningrad;2021-12-31;views;13103.0
Kaliningrad;2022-01-01;views;35224.0
Kaliningrad;2022-01-02;views;36810.0
Kaliningrad;2022-01-03;views;38243.0
Kaliningrad;2022-01-04;views;38403.0
Kaliningrad;2022-01-05;views;35848.0
Kaliningrad;2022-01-06;views;
Kaliningrad;2022-01-07;views;36609.0
Kaliningrad;2022-01-08;views;38013.0
Kaliningrad;2022-01-09;views;38344.0
Kaliningrad;2022-01-10;views;37559.0
Kaliningrad;2022-01-11;views;39635.0
Kaliningrad;2022-01-12;views;37172.0
Kaliningrad;2022-01-13;views;36869.0
Kaliningrad;2022-01-14;views;35861.0
Kaliningrad;2022-01-15;views;35219.0
Kaliningrad;2022-01-16;views;36730.0
Kaliningrad;2022-01-17;views;34707.0
Kaliningrad;2022-01-18;views;36313.0
Kaliningrad;2022-01-19;views;37744.0
Kaliningrad;2022-01-20;views;37524.0
Kaliningrad;2022-01-21;views;36234.0
Kaliningrad;2022-01-22;views;35110.0
Kaliningrad;2022-01-23;views;38037.0
Kaliningrad;2022-01-24;views;38932.0
Kaliningrad;2022-01-25;views;40989.0
Kaliningrad;2022-01-26;views;41274.0
Kaliningrad;2022-01-27;views;40346.0
Kaliningrad;2022-01-28;views;37750.0
Kaliningrad;2022-01-29;views;37250.0
Kaliningrad;2022-01-30;views;38689.0
Kaliningrad;2022-01-31;views;38656.0
Kaliningrad;2022-02-01;views;40432.0
Kaliningrad;2022-02-02;views;41884.0
Kaliningrad;2022-02-03;views;42353.0
Kaliningrad;2022-02-04;views;39636.0
Kaliningrad;2022-02-05;views;39640.0
Kaliningrad;2022-02-06;views;42071.0
Kaliningrad;2022-02-07;views;42762.0
Kaliningrad;2022-02-08;views;44491.0
Kaliningrad;2022-02-09;views;42807.0
Kaliningrad;2022-02-10;views;42320.0
Kaliningrad;2022-02-11;views;40445.0
Kaliningrad;2022-02-12;views;39437.0
Kaliningrad;2022-02-13;views;40394.0
Kaliningrad;2022-02-14;views;41510.0
Kaliningrad;2022-02-15;views;41857.0
Kaliningrad;2022-02-16;views;41933.0
Kaliningrad;2022-02-17;views;40413.0
Kaliningrad;2022-02-18;views;39964.0
Kaliningrad;2022-02-19;views;38330.0
Kaliningrad;2022-02-20;views;38398.0
Kaliningrad;2022-02-21;views;39401.0
Kaliningrad;2022-02-22;views;37875.0
Kaliningrad;2022-02-23;views;42718.0
Kaliningrad;2022-02-24;views;41931.0
Kaliningrad;2022-02-25;views;39665.0
Kaliningrad;2022-02-26;views;37598.0
Kaliningrad;2022-02-27;views;41211.0
Kaliningrad;2022-02-28;views;41118.0
Kaliningrad;2022-03-01;views;41610.0
Kaliningrad;2022-03-02;views;40614.0
Kaliningrad;2022-03-03;views;38759.0
Kaliningrad;2022-03-04;views;36437.0
Kaliningrad;2022-03-05;views;35542.0
Kaliningrad;2022-03-06;views;34932.0
Kaliningrad;2022-03-07;views;29691.0
Kaliningrad;2022-03-08;views;41643.0
Kaliningrad;2022-03-09;views;42807.0
Kaliningrad;2022-03-10;views;43965.0
Kaliningrad;2022-03-11;views;41912.0
Kaliningrad;2022-03-12;views;39753.0
Kaliningrad;2022-03-13;views;41188.0
Kaliningrad;2022-03-14;views;45320.0
Kaliningrad;2022-03-15;views;45478.0
Kaliningrad;2022-03-16;views;44271.0
Kaliningrad;2022-03-17;views;44748.0
Kaliningrad;2022-03-18;views;42124.0
Kaliningrad;2022-03-19;views;40736.0
Kaliningrad;2022-03-20;views;42782.0
Kaliningrad;2022-03-21;views;45405.0
Kaliningrad;2022-03-22;views;44597.0
Kaliningrad;2022-03-23;views;44984.0
Kaliningrad;2022-03-24;views;44329.0
Kaliningrad;2022-03-25;views;40126.0
Kaliningrad;2022-03-26;views;38446.0
Kaliningrad;2022-03-27;views;40648.0
Kaliningrad;2022-03-28;views;40961.0
Kaliningrad;2022-03-29;views;40062.0
Kaliningrad;2022-03-30;views;38567.0
Kaliningrad;2022-03-31;views;37435.0
Kaliningrad;2022-04-01;views;37556.0
Kaliningrad;2022-04-02;views;37432.0
Kaliningrad;2022-04-03;views;40885.0
Kaliningrad;2022-04-04;views;44086.0
Kaliningrad;2022-04-05;views;42006.0
Kaliningrad;2022-04-06;views;
Kaliningrad;2022-04-07;views;40796.0
Kaliningrad;2022-04-08;views;40906.0
Kaliningrad;2022-04-09;views;40074.0
Kaliningrad;2022-04-10;views;
Kaliningrad;2022-04-11;views;44210.0
Kaliningrad;2022-04-12;views;47257.0
Kaliningrad;2022-04-13;views;47166.0
Kaliningrad;2022-04-14;views;47228.0
Kaliningrad;2022-04-15;views;45686.0
Kaliningrad;2022-04-16;views;43055.0
Kaliningrad;2022-04-17;views;46452.0
Kaliningrad;2022-04-18;views;50272.0
Kaliningrad;2022-04-19;views;50585.0
Kaliningrad;2022-04-20;views;47211.0
Kaliningrad;2022-04-21;views;46521.0
Kaliningrad;2022-04-22;views;45641.0
Kaliningrad;2022-04-23;views;45163.0
Kaliningrad;2022-04-24;views;48534.0
Kaliningrad;2022-04-25;views;51880.0
Kaliningrad;2022-04-26;views;50570.0
Kaliningrad;2022-04-27;views;50110.0
Kaliningrad;2022-04-28;views;48886.0
Kaliningrad;2022-04-29;views;46268.0
Kaliningrad;2022-04-30;views;39935.0
Kaliningrad;2022-05-01;views;42081.0
Kaliningrad;2022-05-02;views;48408.0
Kaliningrad;2022-05-03;views;52181.0
Kaliningrad;2022-05-04;views;51215.0
Kaliningrad;2022-05-05;views;50248.0
Kaliningrad;2022-05-06;views;48818.0
Kaliningrad;2022-05-07;views;47423.0
Kaliningrad;2022-05-08;views;42565.0
Kaliningrad;2022-05-09;views;51751.0
Kaliningrad;2022-05-10;views;54131.0
Kaliningrad;2022-05-11;views;53448.0
Kaliningrad;2022-05-12;views;53007.0
Kaliningrad;2022-05-13;views;52129.0
Kaliningrad;2022-05-14;views;49211.0
Kaliningrad;2022-05-15;views;53966.0
Kaliningrad;2022-05-16;views;59783.0
Kaliningrad;2022-05-17;views;60200.0
Kaliningrad;2022-05-18;views;59995.0
Kaliningrad;2022-05-19;views;58925.0
Kaliningrad;2022-05-20;views;56859.0
Kaliningrad;2022-05-21;views;54109.0
Kaliningrad;2022-05-22;views;58511.0
Kaliningrad;2022-05-23;views;63627.0
Kaliningrad;2022-05-24;views;64555.0
Kaliningrad;2022-05-25;views;62338.0
Kaliningrad;2022-05-26;views;62393.0
Kaliningrad;2022-05-27;views;60254.0
Kaliningrad;2022-05-28;views;57958.0
Kaliningrad;2022-05-29;views;62845.0
Kaliningrad;2022-05-30;views;64585.0
Kaliningrad;2022-05-31;views;
Kaliningrad;2022-06-01;views;69191.0
Kaliningrad;2022-06-02;views;66960.0
Kaliningrad;2022-06-03;views;64931.0
Kaliningrad;2022-06-04;views;60374.0
Kaliningrad;2022-06-05;views;64392.0
Kaliningrad;2022-06-06;views;70769.0
Kaliningrad;2022-06-07;views;73128.0
Kaliningrad;2022-06-08;views;75274.0
Kaliningrad;2022-06-09;views;75035.0
Kaliningrad;2022-06-10;views;71817.0
Kaliningrad;2022-06-11;views;66743.0
Kaliningrad;2022-06-12;views;71126.0
Kaliningrad;2022-06-13;views;77272.0
Kaliningrad;2022-06-14;views;80375.0
Kaliningrad;2022-06-15;views;80394.0
Kaliningrad;2022-06-16;views;79957.0
Kaliningrad;2022-06-17;views;76404.0
Kaliningrad;2022-06-18;views;71710.0
Kaliningrad;2022-06-19;views;73824.0
Kaliningrad;2022-06-20;views;79318.0
Kaliningrad;2022-06-21;views;80964.0
Kaliningrad;2022-06-22;views;81469.0
Kaliningrad;2022-06-23;views;79742.0
Kaliningrad;2022-06-24;views;78824.0
Kaliningrad;2022-06-25;views;75626.0
Kaliningrad;2022-06-26;views;76677.0
Kaliningrad;2022-06-27;views;82800.0
Kaliningrad;2022-06-28;views;85656.0
Kaliningrad;2022-06-29;views;85154.0
Kaliningrad;2022-06-30;views;87074.0
Kaliningrad;2022-07-01;views;87226.0
Kaliningrad;2022-07-02;views;84192.0
Kaliningrad;2022-07-03;views;86137.0
Kaliningrad;2022-07-04;views;89886.0
Kaliningrad;2022-07-05;views;90087.0
Kaliningrad;2022-07-06;views;88116.0
Kaliningrad;2022-07-07;views;86000.0
Kaliningrad;2022-07-08;views;85472.0
Kaliningrad;2022-07-09;views;80412.0
Kaliningrad;2022-07-10;views;81359.0
Kaliningrad;2022-07-11;views;87282.0
Kaliningrad;2022-07-12;views;90516.0
Kaliningrad;2022-07-13;views;89237.0
Kaliningrad;2022-07-14;views;87758.0
Kaliningrad;2022-07-15;views;84688.0
Kaliningrad;2022-07-16;views;82012.0
Kaliningrad;2022-07-17;views;82641.0
Kaliningrad;2022-07-18;views;88218.0
Kaliningrad;2022-07-19;views;88843.0
Kaliningrad;2022-07-20;views;86927.0
Kaliningrad;2022-07-21;views;84683.0
Kaliningrad;2022-07-22;views;81296.0
Kaliningrad;2022-07-23;views;76194.0
Kaliningrad;2022-07-24;views;76676.0
Kaliningrad;2022-07-25;views;82065.0
Kaliningrad;2022-07-26;views;83236.0
Kaliningrad;2022-07-27;views;82109.0
Kaliningrad;2022-07-28;views;82857.0
Kaliningrad;2022-07-29;views;80737.0
Kaliningrad;2022-07-30;views;77297.0
Kaliningrad;2022-07-31;views;78242.0
Kaliningrad;2022-08-01;views;81170.0
Kaliningrad;2022-08-02;views;82764.0
Kaliningrad;2022-08-03;views;82594.0
Kaliningrad;2022-08-04;views;
Kaliningrad;2022-08-05;views;
Kaliningrad;2022-08-06;views;73993.0
Kaliningrad;2022-08-07;views;75647.0
Kaliningrad;2022-08-08;views;79375.0
Kaliningrad;2022-08-09;views;79224.0
Kaliningrad;2022-08-10;views;78512.0
Kaliningrad;2022-08-11;views;75478.0
Kaliningrad;2022-08-12;views;71780.0
Kaliningrad;2022-08-13;views;68246.0
Kaliningrad;2022-08-14;views;68848.0
Kaliningrad;2022-08-15;views;69090.0
Kaliningrad;2022-08-16;views;70340.0
Kaliningrad;2022-08-17;views;70149.0
Kaliningrad;2022-08-18;views;67998.0
Kaliningrad;2022-08-19;views;66817.0
Kaliningrad;2022-08-20;views;63444.0
Kaliningrad;2022-08-21;views;62964.0
Kaliningrad;2022-08-22;views;64042.0
Kaliningrad;2022-08-23;views;63855.0
Kaliningrad;2022-08-24;views;63089.0
Kaliningrad;2022-08-25;views;62070.0
Kaliningrad;2022-08-26;views;59975.0
Kaliningrad;2022-08-27;views;56140.0
Kaliningrad;2022-08-28;views;56471.0
Kaliningrad;2022-08-29;views;
Kaliningrad;2022-08-30;views;56310.0
Kaliningrad;2022-08-31;views;52839.0
Kaliningrad;2022-09-01;views;53610.0
Kaliningrad;2022-09-02;views;51900.0
Kaliningrad;2022-09-03;views;48789.0
Kaliningrad;2022-09-04;views;48887.0
Kaliningrad;2022-09-05;views;47390.0
Kaliningrad;2022-09-06;views;49389.0
Kaliningrad;2022-09-07;views;48897.0
Kaliningrad;2022-09-08;views;48916.0
Kaliningrad;2022-09-09;views;
Kaliningrad;2022-09-10;views;
Kaliningrad;2022-09-11;views;44087.0
Kaliningrad;2022-09-12;views;45608.0
Kaliningrad;2022-09-13;views;45413.0
Kaliningrad;2022-09-14;views;
Kaliningrad;2022-09-15;views;
Kaliningrad;2022-09-16;views;
Kaliningrad;2022-09-17;views;
Kaliningrad;2022-09-18;views;
Kaliningrad;2022-09-19;views;37868.0
Kaliningrad;2022-09-20;views;39882.0
Kaliningrad;2022-09-21;views;36181.0
Kaliningrad;2022-09-22;views;37971.0
Kaliningrad;2022-09-23;views;35901.0
Kaliningrad;2022-09-24;views;35119.0
Kaliningrad;2022-09-25;views;36036.0
Kaliningrad;2022-09-26;views;
Kaliningrad;2022-09-27;views;35866.0
Kaliningrad;2022-09-28;views;35664.0
Kaliningrad;2022-09-29;views;34143.0
Kaliningrad;2022-09-30;views;33277.0
Kaliningrad;2022-10-01;views;31567.0
Kaliningrad;2022-10-02;views;32504.0
Kaliningrad;2022-10-03;views;34628.0
Kaliningrad;2022-10-04;views;33845.0
Kaliningrad;2022-10-05;views;33208.0
Kaliningrad;2022-10-06;views;30978.0
Kaliningrad;2022-10-07;views;30021.0
Kaliningrad;2022-10-08;views;28350.0
Kaliningrad;2022-10-09;views;28519.0
Kaliningrad;2022-10-10;views;30102.0
Kaliningrad;2022-10-11;views;
Kaliningrad;2022-10-12;views;29872.0
Kaliningrad;2022-10-13;views;29457.0
Kaliningrad;2022-10-14;views;28513.0
Kaliningrad;2022-10-15;views;26134.0
Kaliningrad;2022-10-16;views;25932.0
Kaliningrad;2022-10-17;views;28320.0
Kaliningrad;2022-10-18;views;28171.0
Kaliningrad;2022-10-19;views;27236.0
Kaliningrad;2022-10-20;views;28159.0
Kaliningrad;2022-10-21;views;26603.0
Kaliningrad;2022-10-22;views;26418.0
Kaliningrad;2022-10-23;views;29610.0
Kaliningrad;2022-10-24;views;30014.0
Kaliningrad;2022-10-25;views;29831.0
Kaliningrad;2022-10-26;views;29506.0
Kaliningrad;2022-10-27;views;28363.0
Kaliningrad;2022-10-28;views;26906.0
Kaliningrad;2022-10-29;views;24908.0
Kaliningrad;2022-10-30;views;26044.0
Kaliningrad;2022-10-31;views;27480.0
Kaliningrad;2022-11-01;views;29107.0
Kaliningrad;2022-11-02;views;28134.0
Kaliningrad;2022-11-03;views;27398.0
Kaliningrad;2022-11-04;views;27175.0
Kaliningrad;2022-11-05;views;
Kaliningrad;2022-11-06;views;26616.0
Kaliningrad;2022-11-07;views;27195.0
Kaliningrad;2022-11-08;views;27729.0
Kaliningrad;2022-11-09;views;
Kaliningrad;2022-11-10;views;25131.0
Kaliningrad;2022-11-11;views;24817.0
Kaliningrad;2022-11-12;views;23363.0
Kaliningrad;2022-11-13;views;
Kaliningrad;2022-11-14;views;27182.0
Kaliningrad;2022-11-15;views;26320.0
Kaliningrad;2022-11-16;views;25857.0
Kaliningrad;2022-11-17;views;
Kaliningrad;2022-11-18;views;26118.0
Kaliningrad;2022-11-19;views;25248.0
Kaliningrad;2022-11-20;views;25390.0
Kaliningrad;2022-11-21;views;26689.0
Kaliningrad;2022-11-22;views;26674.0
Kaliningrad;2022-11-23;views;28456.0
Kaliningrad;2022-11-24;views;
Kaliningrad;2022-11-25;views;23792.0
Kaliningrad;2022-11-26;views;23317.0
Kaliningrad;2022-11-27;views;23907.0
Kaliningrad;2022-11-28;views;26357.0
Kaliningrad;2022-11-29;views;28254.0
Kaliningrad;2022-11-30;views;26944.0
Kaliningrad;2022-12-01;views;26556.0
Kaliningrad;2022-12-02;views;25371.0
Kaliningrad;2022-12-03;views;24485.0
Kaliningrad;2022-12-04;views;26725.0
Kaliningrad;2022-12-05;views;27896.0
Kaliningrad;2022-12-06;views;28259.0
Kaliningrad;2022-12-07;views;
Kaliningrad;2022-12-08;views;27202.0
Kaliningrad;2022-12-09;views;25985.0
Kaliningrad;2022-12-10;views;25434.0
Kaliningrad;2022-12-11;views;27011.0
Kaliningrad;2022-12-12;views;28277.0
Kaliningrad;2022-12-13;views;28164.0
Kaliningrad;2022-12-14;views;27381.0
Kaliningrad;2022-12-15;views;27192.0
Kaliningrad;2022-12-16;views;25766.0
Kaliningrad;2022-12-17;views;24567.0
Kaliningrad;2022-12-18;views;25417.0
Kaliningrad;2022-12-19;views;27639.0
Kaliningrad;2022-12-20;views;26986.0
Kaliningrad;2022-12-21;views;25666.0
Kaliningrad;2022-12-22;views;23821.0
Kaliningrad;2022-12-23;views;23944.0
Kaliningrad;2022-12-24;views;23337.0
Kaliningrad;2022-12-25;views;23419.0
Kaliningrad;2022-12-26;views;25486.0
Kaliningrad;2022-12-27;views;23796.0
Kaliningrad;2022-12-28;views;22762.0
Kaliningrad;2022-12-29;views;20338.0
Kaliningrad;2022-12-30;views;10723.0
Kaliningrad;2022-12-31;views;4238.0
